{
    "Items": [
        {
            "_name": "",
            "_position": {
                "x": 2.3908042907714845,
                "y": 1.000000238418579,
                "z": 0.0
            },
            "_value": 0.0,
            "_id": 0,
            "_edges": [],
            "_edge": {
                "_value": 0.0,
                "_direction": 0,
                "_id": 0
            }
        },
        {
            "_name": "",
            "_position": {
                "x": -0.5057467818260193,
                "y": -2.6091957092285158,
                "z": 0.0
            },
            "_value": 0.0,
            "_id": 1,
            "_edges": [],
            "_edge": {
                "_value": 0.0,
                "_direction": 0,
                "_id": 0
            }
        },
        {
            "_name": "",
            "_position": {
                "x": -4.459770202636719,
                "y": 0.9770113229751587,
                "z": 0.0
            },
            "_value": 0.0,
            "_id": 2,
            "_edges": [],
            "_edge": {
                "_value": 0.0,
                "_direction": 0,
                "_id": 0
            }
        }
    ]
}